title,artist,year,position,mood_tone,instrumentation,genre
Goodnight Irene,Gordon Jenkins & The Weavers,1950,1,"melancholic, nostalgic, reflective, sorrowful","acoustic guitar, banjo, strings, male vocal harmonies","folk ballad, traditional pop, orchestral folk"
Mona Lisa,Nat King Cole,1950,2,"romantic, mysterious, smooth, introspective","piano, lush strings, subtle percussion, male baritone vocal","traditional pop, vocal jazz, romantic ballad"
Third Man Theme,Anton Karas,1950,3,"playful, suspenseful, cinematic, whimsical","solo zither, rhythmic plucking, no vocals","instrumental soundtrack, light classical, film score"
Sam's Song,Gary & Bing Crosby,1950,4,"cheerful, lighthearted, playful, familial","brass, piano, rhythm section, dual male vocals","traditional pop, novelty, vocal duet"
Simple Melody,Gary & Bing Crosby,1950,5,"whimsical, nostalgic, humorous, contrasting","orchestral backing, woodwinds, piano, contrapuntal male vocals","novelty pop, traditional pop, counterpoint duet"
Too Young,Nat King Cole,1951,1,"tender, sentimental, romantic, innocent","orchestral strings, soft piano, male baritone vocal, light percussion","traditional pop, romantic ballad, vocal jazz"
Because of You,Tony Bennett,1951,2,"romantic, heartfelt, emotional, warm","sweeping strings, soft brass, piano, male tenor vocal","traditional pop, big band ballad, classic crooner"
How High the Moon,Les Paul & Mary Ford,1951,3,"playful, energetic, inventive, joyful","multi-tracked electric guitar, layered female vocals, fast tempo rhythm","jazz, early pop, experimental recording"
Come on-a My House,Rosemary Clooney,1951,4,"flirtatious, quirky, exotic, catchy","clavichord, hand percussion, novelty instruments, female vocal","novelty pop, exotic pop, traditional pop"
Be My Love,Mario Lanza,1951,5,"dramatic, passionate, romantic, operatic","full orchestra, rich strings, powerful male tenor vocal, classical phrasing","operatic pop, classical crossover, romantic ballad"
Blue Tango,Leroy Anderson,1952,1,"elegant, lively, flirtatious, cinematic","orchestral strings, woodwinds, tango rhythm, light percussion","instrumental pop, orchestral dance, light classical"
Wheel of Fortune,Kay Starr,1952,2,"dramatic, soulful, yearning, emotional","orchestral backing, sweeping strings, rhythm section, female vocal","traditional pop, torch song, early R&B influence"
Cry,Johnnie Ray & The Four Lads,1952,3,"emotional, vulnerable, sorrowful, expressive","minimal piano, orchestral swells, male tenor vocal, backing harmonies","pop ballad, emotional pop, traditional pop"
You Belong to Me,Jo Stafford,1952,4,"romantic, nostalgic, longing, sweet","soft strings, light percussion, female vocal, gentle orchestration","traditional pop, romantic ballad, crooner pop"
Auf Wiederseh’n Sweetheart,Vera Lynn,1952,5,"sentimental, gentle, farewell-themed, heartfelt","choral backing, soft orchestration, female vocal, slow tempo","traditional pop, wartime ballad, vocal ensemble pop"
The Song from Moulin Rouge,Percy Faith,1953,1,"romantic, cinematic, wistful, tender","orchestral strings, soft brass, light percussion, instrumental focus","instrumental pop, film score, orchestral ballad"
Vaya con Dios,Les Paul & Mary Ford,1953,2,"gentle, bittersweet, spiritual, nostalgic","acoustic guitar, light strings, vocal harmony, slow tempo","traditional pop, Latin-influenced ballad, vocal duet"
(How Much Is) That Doggie in the Window,Patti Page,1953,3,"playful, lighthearted, childlike, cheerful","simple rhythm section, woodwinds, female vocal, novelty elements","novelty pop, traditional pop, children’s song"
I'm Walking Behind You,Eddie Fisher,1953,4,"melancholic, emotional, contemplative, sorrowful","orchestral strings, piano, male vocal, slow tempo arrangement","traditional pop, sentimental ballad, crooner style"
"You, You, You",Ames Brothers,1953,5,"romantic, upbeat, warm, harmonious","tight vocal harmonies, light swing rhythm, piano, soft strings","traditional pop, vocal group harmony, early doo-wop influence"
Little Things Mean a Lot,Kitty Kallen,1954,1,"romantic, sincere, soft, sentimental","orchestral strings, piano, gentle rhythm section, female vocal","traditional pop, romantic ballad, orchestral vocal"
Wanted,Perry Como,1954,2,"pleading, heartfelt, warm, melancholic","orchestral arrangement, slow tempo, male baritone vocal, soft brass","traditional pop, crooner ballad, romantic vocal"
Hey There,Rosemary Clooney,1954,3,"introspective, emotional, expressive, conversational","piano, light percussion, lush strings, female vocal","traditional pop, theatrical ballad, vocal jazz"
Sh-Boom,The Crew-Cuts,1954,4,"joyful, upbeat, playful, romantic","vocal harmonies, doo-wop backing, rhythm guitar, saxophone","doo-wop, early rock and roll, R&B pop"
Make Love to Me,Jo Stafford,1954,5,"flirtatious, affectionate, upbeat, jazzy","swing band instrumentation, horns, piano, female vocal","swing pop, jazz-influenced traditional pop, big band vocal"
Cherry Pink and Apple Blossom White,Perez Prado,1955,1,"romantic, exotic, playful, lively","trumpet lead, Latin rhythm section, brass, percussion, instrumental focus","mambo, Latin jazz, instrumental pop"
Rock Around the Clock,Bill Haley & His Comets,1955,2,"energetic, rebellious, danceable, youthful","electric guitar, upright bass, drums, male vocal, saxophone","rock and roll, rockabilly, early rock"
The Yellow Rose of Texas,Mitch Miller,1955,3,"patriotic, marching, bright, cheerful","military-style snare drums, brass, choral male vocal, marching band elements","marching band pop, folk revival, patriotic pop"
Autumn Leaves,Roger Williams,1955,4,"melancholic, reflective, romantic, elegant","solo piano, strings, orchestral swells, instrumental focus","instrumental pop, easy listening, classical crossover"
Unchained Melody,Les Baxter,1955,5,"yearning, emotional, passionate, timeless","orchestral backing, sweeping strings, wordless female vocal harmony","romantic ballad, traditional pop, film soundtrack"
Heartbreak Hotel,Elvis Presley,1956,1,"melancholic, lonely, bluesy","electric guitar, acoustic guitar, upright bass, piano, drums","blues, rock and roll, rockabilly"
Don't Be Cruel,Elvis Presley,1956,2,"upbeat, playful, romantic","electric guitar, drums, backing vocals","rock and roll, pop"
Lisbon Antigua,Nelson Riddle,1956,3,"nostalgic, exotic, elegant","piano, strings, brass, wordless male chorus","traditional pop, easy listening, orchestral"
My Prayer,The Platters,1956,4,"romantic, heartfelt, sentimental","tenor lead vocals, backing harmonies, strings","doo-wop, R&B, traditional pop"
The Wayward Wind,Gogi Grant,1956,5,"wistful, adventurous, longing","female vocals, orchestral strings, acoustic guitar","country, pop, traditional pop"
All Shook Up,Elvis Presley,1957,1,"excited, playful, romantic","electric guitar, drums, male vocals","rock and roll, pop"
Love Letters in the Sand,Pat Boone,1957,2,"nostalgic, sentimental, tender","piano, guitar, soft male vocals","traditional pop, ballad"
Little Darlin,The Diamonds,1957,3,"fun, upbeat, doo-wop energy","male vocal harmony, handclaps, doo-wop rhythm","doo-wop, rock and roll"
Young Love,Tab Hunter,1957,4,"romantic, youthful, innocent","orchestral strings, acoustic guitar, male vocals","pop, traditional pop"
So Rare,Jimmy Dorsey,1957,5,"sultry, smooth, jazzy","saxophone, jazz orchestra, male vocals","big band, jazz, pop"
Volare (Nel blu dipinto di blu),Domenico Modugno,1958,1,"romantic, soaring, dreamy","orchestral backing, male vocals, accordion","traditional pop, Italian pop"
All I Have to Do Is Dream,The Everly Brothers,1958,2a,"tender, nostalgic, harmonious","acoustic guitar, male vocal harmonies","rockabilly, pop, ballad"
Claudette,The Everly Brothers,1958,2b,"energetic, fun, upbeat","electric guitar, upbeat rhythm, male vocals","rockabilly, pop"
Don't,Elvis Presley,1958,3a,"pleading, romantic, slow-burning","slow tempo, crooning male vocals, strings","pop ballad, rock and roll"
I Beg of You,Elvis Presley,1958,3b,"hopeful, loving, upbeat","mid-tempo, electric guitar, male vocals","pop, rock and roll"
Witch Doctor,David Seville,1958,4,"playful, humorous, quirky","chipmunk vocals, piano, percussion","novelty, pop, rock and roll"
Patricia,Perez Prado,1958,5,"festive, exotic, upbeat","brass, Latin percussion, piano","mambo, Latin jazz, instrumental"
The Battle of New Orleans,Johnny Horton,1959,1,"playful, patriotic, storytelling","banjo, snare drum, fiddle, male vocals","country, novelty song"
Mack the Knife,Bobby Darin,1959,2,"slick, confident, jazzy","big band, brass, swinging rhythm, male vocals","jazz, swing, traditional pop"
Personality,Lloyd Price,1959,3,"fun, charismatic, catchy","piano, horns, strong rhythm section, male vocals","R&B, pop"
Venus,Frankie Avalon,1959,4,"romantic, dreamy, sincere","orchestral strings, male vocals","traditional pop, ballad"
Lonely Boy,Paul Anka,1959,5,"melancholic, heartfelt, nostalgic","piano, strings, soft male vocals","pop, ballad"
The Theme from 'A Summer Place',Percy Faith,1960,1,"romantic, serene, nostalgic","orchestral strings, soft horns, lush arrangement","instrumental pop, easy listening"
He'll Have to Go,Jim Reeves,1960,2,"heartfelt, longing, somber","baritone vocals, acoustic guitar, soft piano","country, traditional pop"
Cathy's Clown,The Everly Brothers,1960,3,"melancholic, regretful, soft","male vocal harmonies, gentle rhythm guitar","pop, rock and roll"
Running Bear,Johnny Preston,1960,4,"tragic, sentimental, narrative","narrative vocals, rock instrumentation, backing vocals","rock and roll, pop"
Teen Angel,Mark Dinning,1960,5,"sad, dramatic, emotional","male vocals, strings, slow tempo, tragic tone","teen tragedy, pop"
Tossin' and Turnin',Bobby Lewis,1961,1,"restless, lively, energetic","upbeat piano, saxophone, drums","rhythm and blues, early soul, pop"
I Fall to Pieces,Patsy Cline and The Jordanaires,1961,2,"heartbroken, tender, sorrowful","female vocals, backing harmonies, steel guitar","country, pop ballad"
Michael (Row the Boat Ashore),The Highwaymen,1961,3,"hopeful, folk, spiritual","acoustic guitar, male chorus, minimal percussion","folk, spiritual"
Crying,Roy Orbison,1961,4,"emotional, passionate, melancholic","falsetto vocals, orchestral backing","pop, rock ballad"
Runaway,Del Shannon,1961,5,"dramatic, anxious, unique","organ, echoing guitar, falsetto vocals","rock and roll, pop"
Stranger on the Shore,Acker Bilk,1962,1,"gentle, melancholic, soothing","clarinet lead, soft strings, light rhythm section","instrumental pop, jazz"
I Can't Stop Loving You,Ray Charles,1962,2,"emotional, rich, nostalgic","orchestral backing, male vocals, piano","soul, country-pop"
Mashed Potato Time,Dee Dee Sharp,1962,3,"playful, upbeat, danceable","female vocals, handclaps, funky rhythm","dance, R&B, pop"
Roses Are Red (My Love),Bobby Vinton,1962,4,"romantic, sentimental, sweet","male vocals, strings, slow tempo","traditional pop, ballad"
The Stripper,David Rose,1962,5,"cheeky, seductive, jazzy","brass, jazz percussion, walking bass","instrumental, jazz, novelty"
Surfin' USA,The Beach Boys,1963,1,"energetic, carefree, summery","electric guitar, surf rock drums, male vocals","surf rock, pop"
The End of the World,Skeeter Davis,1963,2,"melancholic, emotional, reflective","female vocals, soft strings, piano","country-pop, ballad"
Rhythm of the Rain,The Cascades,1963,3,"gentle, nostalgic, soothing","guitar, soft percussion, male vocals","soft rock, pop"
He's So Fine,The Chiffons,1963,4,"playful, romantic, innocent","female vocal harmonies, upbeat rhythm","girl group, pop"
Blue Velvet,Bobby Vinton,1963,5,"romantic, dreamy, sentimental","orchestral strings, smooth male vocals","traditional pop, ballad"
I Want to Hold Your Hand,The Beatles,1964,1,"joyful, upbeat, romantic","electric guitar, drums, vocal harmonies","rock and roll, British Invasion, pop"
She Loves You,The Beatles,1964,2,"excited, youthful, catchy","guitar, bass, harmonized vocals","rock and roll, British Invasion"
"Hello, Dolly!",Louis Armstrong,1964,3,"playful, nostalgic, theatrical","brass, swing rhythm, gravelly male vocals","traditional pop, jazz"
"Oh, Pretty Woman",Roy Orbison,1964,4,"confident, catchy, flirtatious","electric guitar, percussion, strong vocals","rock, pop"
I Get Around,The Beach Boys,1964,5,"rebellious, fun, energetic","guitar, surf rock rhythm, harmonized vocals","surf rock, pop"
Wooly Bully,Sam the Sham and the Pharaohs,1965,1,"fun, chaotic, danceable","organ, saxophone, upbeat drums","garage rock, rock and roll"
I Can't Help Myself (Sugar Pie Honey Bunch),Four Tops,1965,2,"passionate, soulful, catchy","bass, brass, male vocals","Motown, soul, pop"
(I Can't Get No) Satisfaction,The Rolling Stones,1965,3,"rebellious, gritty, frustrated","electric guitar riff, drums, raw vocals","rock, blues rock"
You Were On My Mind,We Five,1965,4,"reflective, emotional, warm","folk guitar, soft percussion, vocal harmony","folk rock, pop"
You've Lost That Lovin' Feelin',The Righteous Brothers,1965,5,"emotional, dramatic, intense","orchestral backing, male vocal duo","blue-eyed soul, pop"
California Dreamin',The Mamas & The Papas,1966,1,"wistful, longing, melancholic","vocal harmonies, flute, acoustic guitar","folk rock, pop"
96 Tears,? and the Mysterians,1966,2,"raw, emotional, intense","organ, driving rhythm, male vocals","garage rock, proto-punk"
What Becomes Of The Brokenhearted,Jimmy Ruffin,1966,3,"heartbroken, soulful, hopeful","orchestral arrangement, male vocals","soul, Motown"
Last Train to Clarksville,The Monkees,1966,4,"fun, catchy, poppy","electric guitar, pop drums, male vocals","pop rock, bubblegum pop"
Reach Out I'll Be There,Four Tops,1966,5,"urgent, emotional, empowering","orchestral strings, brass, male vocals","Motown, soul"
To Sir With Love,Lulu,1967,1,"sentimental, grateful, tender","orchestral backing, female vocals","pop, ballad"
The Letter,The Box Tops,1967,2,"urgent, longing, direct","gritty male vocals, electric guitar","blue-eyed soul, rock"
Ode to Billie Joe,Bobbie Gentry,1967,3,"mysterious, tragic, narrative","acoustic guitar, narrative lyrics","country-pop, southern gothic"
Windy,The Association,1967,4,"lighthearted, upbeat, whimsical","vocal harmonies, light pop instrumentation",sunshine pop
I'm a Believer,The Monkees,1967,5,"joyful, catchy, romantic","electric guitar, pop drums, male vocals",pop rock
Hey Jude,The Beatles,1968,1,"uplifting, emotional, anthemic","piano, orchestration, vocal build-up","rock, ballad, pop"
Love is Blue,Paul Mauriat,1968,2,"romantic, delicate, serene","orchestral, instrumental","easy listening, instrumental pop"
Honey,Bobby Goldsboro,1968,3,"sentimental, melancholic, soft","acoustic guitar, soft vocals, strings","country-pop, soft rock"
(Sittin' On) The Dock of the Bay,Otis Redding,1968,4,"peaceful, introspective, soulful","whistling, guitar, soft horns","soul, R&B"
People Got to Be Free,The Rascals,1968,5,"hopeful, spirited, passionate","soulful vocals, organ, rhythm section","blue-eyed soul, rock"
"Sugar, Sugar",The Archies,1969,1,"sweet, fun, lighthearted","bubblegum pop production, synths, vocals",bubblegum pop
Aquarius/Let the Sunshine In (The Flesh Failures),The 5th Dimension,1969,2,"cosmic, uplifting, groovy","orchestral pop, layered vocals, psychedelic sounds","psychedelic soul, pop"
I Can't Get Next to You,The Temptations,1969,3,"frustrated, passionate, funky","funky bass, soul vocals, driving rhythm","Motown, soul"
Honky Tonk Women,The Rolling Stones,1969,4,"rebellious, gritty, bluesy","electric guitar, cowbell, bluesy vocals","rock, blues rock"
Everyday People,Sly and the Family Stone,1969,5,"inclusive, positive, laid-back","funk instrumentation, group vocals","funk, soul, pop"
Bridge Over Troubled Water,Simon and Garfunkel,1970,1,"comforting, powerful, emotional","piano, orchestral strings, soft vocals","folk rock, pop"
(They Long To Be) Close To You,The Carpenters,1970,2,"gentle, romantic, warm","soft vocals, lush arrangements, piano","soft rock, pop"
American Woman,The Guess Who,1970,3,"aggressive, rebellious, energetic","electric guitar riffs, gritty vocals","hard rock, blues rock"
Raindrops Keep Fallin' on My Head,B.J. Thomas,1970,4,"cheerful, light, hopeful","orchestral pop, trumpet, light percussion","pop, soundtrack"
War,Edwin Starr,1970,5,"angry, bold, intense","funky brass, heavy drums, shouted vocals","soul, protest song, funk"
Joy To The World,Three Dog Night,1971,1,"joyful, celebratory, fun","rock band, piano, upbeat chorus","rock, pop"
Maggie May,Rod Stewart,1971,2a,"reflective, bittersweet, rustic","acoustic guitar, mandolin, raspy vocals","folk rock, classic rock"
Reason to Believe,Rod Stewart,1971,2b,"pleading, heartfelt, gentle","acoustic guitar, soft vocals, slow tempo","folk rock, ballad"
I Feel the Earth Move,Carole King,1971,3a,"empowered, emotional, rhythmic","piano, female vocals, strong rhythm","singer-songwriter, pop rock"
It's Too Late,Carole King,1971,3b,"melancholic, introspective, mature","piano, strings, melancholic tone","soft rock, adult contemporary"
One Bad Apple,The Osmonds,1971,4,"playful, youthful, upbeat","funky rhythm, harmonized vocals, pop instrumentation","bubblegum soul, pop"
How Can You Mend a Broken Heart,Bee Gees,1971,5,"melancholic, soulful, emotional","orchestral strings, soft drums, falsetto male vocals","soul, ballad, soft rock"
The First Time Ever I Saw Your Face,Roberta Flack,1972,1,"intimate, emotional, tender","piano, soft strings, female vocals","soul, ballad"
Alone Again (Naturally),Gilbert O'Sullivan,1972,2,"melancholic, reflective, ironic","piano, light strings, male vocals","pop, soft rock"
American Pie,Don McLean,1972,3,"nostalgic, epic, sorrowful","acoustic guitar, piano, vocals with narrative tone","folk rock, ballad"
Without You,Harry Nilsson,1972,4,"heartbroken, dramatic, soaring","piano, orchestral backing, emotional vocals","pop rock, ballad"
The Candy Man,Sammy Davis Jr.,1972,5,"cheerful, whimsical, playful","orchestral arrangement, male vocals, backing chorus","novelty, pop"
Tie a Yellow Ribbon Round the Ole Oak Tree,Tony Orlando and Dawn,1973,1,"hopeful, heartfelt, upbeat","guitar, piano, vocal harmonies","pop, soft rock"
"Bad, Bad Leroy Brown",Jim Croce,1973,2,"brash, humorous, energetic","piano, electric guitar, male vocals","rock, singer-songwriter"
Killing Me Softly with His Song,Roberta Flack,1973,3,"intimate, emotional, smooth","piano, soft percussion, female vocals","soul, R&B"
Let's Get It On,Marvin Gaye,1973,4,"sensual, soulful, passionate","bass, smooth rhythm, male vocals","soul, R&B"
My Love,Paul McCartney and Wings,1973,5,"romantic, heartfelt, melodic","strings, melodic piano, soft vocals","soft rock, pop"
The Way We Were,Barbara Streisand,1974,1,"nostalgic, sentimental, emotional","orchestral strings, piano, female vocals","ballad, pop"
Seasons in the Sun,Terry Jacks,1974,2,"sad, reflective, melodic","acoustic guitar, soft vocals","folk-pop, soft rock"
Love's Theme,Love Unlimited Orchestra,1974,3,"romantic, elegant, smooth","instrumental strings, disco rhythm","instrumental, disco"
Come and Get Your Love,Redbone,1974,4,"fun, upbeat, funky","bass, drums, electric guitar, vocals","rock, funk"
Dancing Machine,The Jackson 5,1974,5,"playful, energetic, groovy","funk rhythm, synthesizers, group vocals","funk, soul, disco"
Love Will Keep Us Together,Captain & Tennille,1975,1,"romantic, determined, lively","synths, piano, drums, vocal harmony","pop, soft rock"
Rhinestone Cowboy,Glen Campbell,1975,2,"inspirational, nostalgic, hopeful","acoustic guitar, lush strings",country-pop
Philadelphia Freedom,Elton John,1975,3,"spirited, upbeat, anthemic","orchestration, piano, vocal harmonies",pop rock
Before the Next Teardrop Falls,Freddy Fender,1975,4,"bilingual, heartfelt, emotional","accordion, bilingual male vocals","country, Tejano"
My Eyes Adored You,Frankie Valli,1975,5,"sweet, longing, reflective","orchestral backing, soft vocals","pop, soul"
Silly Love Songs,Wings,1976,1,"playful, ironic, catchy","bass line, horns, melodic vocals","pop, soft rock"
Don't Go Breaking My Heart,Elton John and Kiki Dee,1976,2,"charming, flirty, joyful","duet vocals, piano, strings","pop, disco"
Disco Lady,Johnnie Taylor,1976,3,"smooth, sensual, laid-back","soul rhythm section, smooth male vocals","soul, R&B"
"December, 1963 (Oh, What a Night)",The Four Seasons,1976,4,"nostalgic, fun, celebratory","funk groove, falsetto vocals","disco, pop rock"
Play That Funky Music,Wild Cherry,1976,5,"funky, lively, danceable","funk guitar, horns, energetic vocals","funk, rock"
Tonight's the Night (Gonna Be Alright),Rod Stewart,1977,1,"seductive, romantic, smooth","acoustic guitar, soft drums, male vocals","soft rock, pop"
I Just Want To Be Your Everything,Andy Gibb,1977,2,"devoted, loving, emotional","disco beats, strings, falsetto male vocals","disco, pop"
Best of My Love,The Emotions,1977,3,"joyful, uplifting, energetic","funky bassline, harmonized female vocals, brass","R&B, disco, soul"
Evergreen (Love Theme from A Star Is Born),Barbara Streisand,1977,4,"tender, heartfelt, romantic","orchestral strings, soft piano, female vocals",pop ballad
Angel in Your Arms,Hot,1977,5,"bittersweet, sultry, empowering","soulful vocals, electric guitar, steady rhythm","soul, pop"
Shadow Dancing,Andy Gibb,1978,1,"sensual, smooth, energetic","disco rhythm, soft synths, male vocals","disco, pop"
Night Fever,Bee Gees,1978,2,"groovy, vibrant, danceable","disco beats, falsetto harmonies",disco
You Light Up My Life,Debby Boone,1978,3,"uplifting, emotional, pure","piano, soft strings, female vocals",pop ballad
Stayin Alive,Bee Gees,1978,4,"confident, rhythmic, resilient","disco guitar, bass, falsetto vocals","disco, pop"
Kiss You All Over,Exile,1978,5,"romantic, sultry, intimate","soft rock guitar, smooth male vocals","soft rock, disco"
My Sharona,The Knack,1979,1,"edgy, lustful, driven","electric guitar riff, rock drums","power pop, rock"
Bad Girls,Donna Summer,1979,2,"sassy, confident, danceable","disco beats, female vocals, brass","disco, funk"
Le Freak,Chic,1979,3,"funky, energetic, catchy","funk guitar, bass, group vocals","disco, funk"
Do Ya Think I'm Sexy?,Rod Stewart,1979,4,"playful, sensual, poppy","synths, disco rhythm, male vocals","disco, pop rock"
Reunited,Peaches & Herb,1979,5,"romantic, longing, sentimental","slow tempo, duet vocals, soft keys","soul, R&B, ballad"
Call Me,Blondie,1980,1,"bold, seductive, stylish","new wave guitar, synths, strong vocals","new wave, rock, disco"
"Another Brick in the Wall, Part II",Pink Floyd,1980,2,"rebellious, moody, commanding","funky bass, children’s chorus, electric guitar","rock, progressive rock"
Magic,Olivia Newton-John,1980,3,"ethereal, dreamy, hopeful","synths, female vocals, soft beat","pop, soft rock"
Rock with You,Michael Jackson,1980,4,"romantic, smooth, groovy","funk groove, soft percussion, male vocals","soul, R&B, pop"
Do That To Me One More Time,Captain & Tennille,1980,5,"intimate, slow, romantic","piano, soft instrumentation, gentle female vocals","soft rock, pop"
Bette Davis Eyes,Kim Carnes,1981,1,"mysterious, cool, dramatic","synths, drum machine, raspy vocals","synth-pop, new wave"
Endless Love,Diana Ross and Lionel Richie,1981,2,"romantic, passionate, tender","orchestral strings, duet vocals","R&B, soul, pop ballad"
Lady,Kenny Rogers,1981,3,"devoted, heartfelt, gentle","piano, acoustic guitar, soft male vocals","country, pop"
(Just Like) Starting Over,John Lennon,1981,4,"nostalgic, hopeful, bittersweet","piano, drums, male vocals","rock, pop"
Jessie's Girl,Rick Springfield,1981,5,"yearning, energetic, emotional","electric guitar, energetic rhythm, male vocals","power pop, rock"
Physical,Olivia Newton-John,1982,1,"energetic, seductive, cheeky","synths, upbeat rhythm, female vocals","pop, dance-pop"
Eye of the Tiger,Survivor,1982,2,"motivational, intense, aggressive","guitar riffs, driving drums, male vocals","arena rock, hard rock"
I Love Rock 'N Roll,Joan Jett & The Blackhearts,1982,3,"rebellious, powerful, gritty","electric guitar, drums, raw vocals","hard rock, punk rock"
Ebony and Ivory,Paul McCartney and Stevie Wonder,1982,4,"hopeful, harmonious, optimistic","duet vocals, piano, synths","soul-pop, adult contemporary"
Centerfold,The J. Geils Band,1982,5,"playful, nostalgic, teasing","rock band, rhythmic claps, male vocals","rock, new wave"
Every Breath You Take,The Police,1983,1,"obsessive, haunting, smooth","sting’s vocals, clean guitar, steady bassline","rock, new wave"
Billie Jean,Michael Jackson,1983,2,"rhythmic, confident, mysterious","synth bassline, tight rhythm, male vocals","pop, funk"
Flashdance...What a Feeling,Irene Cara,1983,3,"inspiring, powerful, triumphant","synths, orchestral hits, female vocals","pop, dance-pop"
Down Under,Men at Work,1983,4,"quirky, fun, adventurous","flute, reggae beat, male vocals","pop rock, new wave"
Beat It,Michael Jackson,1983,5,"energetic, rebellious, assertive","electric guitar, rock drums, male vocals","rock, pop"
When Doves Cry,Prince,1984,1,"raw, experimental, emotional","synths, drum machine, no bass, expressive vocals","pop, rock, R&B"
What's Love Got to Do with It,Tina Turner,1984,2,"reflective, assertive, soulful","synths, clean guitar, strong female vocals","pop, soul"
Say Say Say,Paul McCartney and Michael Jackson,1984,3,"catchy, rhythmic, smooth","pop instrumentation, layered vocals","pop, soft rock"
Footloose,Kenny Loggins,1984,4,"exuberant, danceable, light","rock guitar, upbeat tempo, male vocals","rock, pop rock"
Against All Odds (Take a Look at Me Now),Phil Collins,1984,5,"heartbroken, dramatic, tender","piano, orchestral backing, emotional vocals","soft rock, pop"
Careless Whisper,George Michael,1985,1,"romantic, sultry, regretful","saxophone, soft synths, male vocals","pop, soul"
Like a Virgin,Madonna,1985,2,"playful, provocative, catchy","synths, pop beat, female vocals","pop, dance-pop"
Wake Me Up Before You Go-Go,Wham!,1985,3,"cheerful, energetic, bright","synth-pop, vibrant beat, vocal harmony","pop, new wave"
I Want to Know What Love Is,Foreigner,1985,4,"soulful, searching, emotional","power ballad instrumentation, strong male vocals","rock, soft rock"
I Feel for You,Chaka Khan,1985,5,"funky, electric, empowering","synths, rap interlude, funk rhythms","funk, R&B"
That's What Friends Are For,Dionne and Friends,1986,1,"reassuring, heartfelt, warm","piano, string backing, vocal harmonies","pop, soul, adult contemporary"
"Say You, Say Me",Lionel Richie,1986,2,"reflective, sentimental, smooth","soft keyboard, mellow male vocals","pop, R&B"
I Miss You,Klymaxx,1986,3,"soft, longing, gentle","minimalist beat, synths, female vocals","R&B, ballad"
On My Own,Patti LaBelle feat. Michael McDonald,1986,4,"vulnerable, soulful, independent","duet vocals, orchestral elements","pop, soul"
Broken Wings,Mr. Mister,1986,5,"mysterious, emotional, introspective","synth-heavy, atmospheric guitars","new wave, rock"
Walk Like an Egyptian,The Bangles,1987,1,"quirky, fun, rhythmic","percussion, electric guitar, layered female vocals","new wave, pop rock"
Alone,Heart,1987,2,"powerful, emotional, yearning","rock instrumentation, powerful female vocals","power ballad, rock"
Shake You Down,Gregory Abbott,1987,3,"smooth, romantic, mellow","synths, slow groove, soft male vocals","R&B, soul"
I Wanna Dance with Somebody (Who Loves Me),Whitney Houston,1987,4,"joyful, energetic, loving","synth-driven, dynamic female vocals","dance-pop, pop"
Nothing's Gonna Stop Us Now,Starship,1987,5,"uplifting, anthemic, romantic","rock-pop production, duet vocals","pop rock, soft rock"
Faith,George Michael,1988,1,"confident, rhythmic, catchy","guitar strumming, synths, male vocals","pop rock, dance-pop"
Need You Tonight,INXS,1988,2,"seductive, edgy, groovy","funky guitar, bassline, vocals","new wave, rock"
Got My Mind Set On You,George Harrison,1988,3,"nostalgic, upbeat, energetic","guitar-heavy, pop production",pop rock
Never Gonna Give You Up,Rick Astley,1988,4,"cheerful, bouncy, devoted","synths, programmed drums, male vocals",dance-pop
Sweet Child O'Mine,Guns N' Roses,1988,5,"intense, passionate, rebellious","distorted guitar, drums, powerful vocals",hard rock
Look Away,Chicago,1989,1,"emotional, regretful, slow","soft rock instrumentation, male vocals","soft rock, pop"
My Prerogative,Bobby Brown,1989,2,"confident, funky, bold","funky bass, electronic drums, male vocals","new jack swing, R&B"
Every Rose Has Its Thorn,Poison,1989,3,"sad, heartfelt, raw","acoustic guitar, male vocals","glam metal, power ballad"
Straight Up,Paula Abdul,1989,4,"direct, rhythmic, playful","electronic beats, female vocals",dance-pop
Miss You Much,Janet Jackson,1989,5,"assertive, upbeat, passionate","synths, heavy rhythm, female vocals","R&B, dance-pop"
Hold On,Wilson Phillips,1990,1,"uplifting, empowering, warm","vocal harmonies, soft pop backing",pop rock
It Must Have Been Love,Roxette,1990,2,"heartbreaking, reflective, soft","piano, strings, dramatic vocals",pop ballad
Nothing Compares 2 U,Sinead O'Connor,1990,3,"sorrowful, vulnerable, stark","minimalist arrangement, female vocals",alternative rock
Poison,Bell Biv DeVoe,1990,4,"energetic, edgy, funky","synth-heavy beats, male vocals",new jack swing
Vogue,Madonna,1990,5,"glamorous, confident, stylish","vogue samples, house rhythm, female vocals","dance-pop, house"
(Everything I Do) I Do It For You,Bryan Adams,1991,1,"romantic, grand, heartfelt","orchestral backing, rock guitar","pop rock, ballad"
I Wanna Sex You Up,Color Me Badd,1991,2,"seductive, smooth, playful","slow jam groove, harmonies","R&B, new jack swing"
Gonna Make You Sweat,C&C Music Factory,1991,3,"energetic, club-ready, bold","synths, vocal samples, dance beat",dance-pop
Rush Rush,Paula Abdul,1991,4,"dreamy, romantic, sentimental","synths, slow rhythm, female vocals",pop ballad
One More Try,Timmy T,1991,5,"pleading, emotional, soft","minimalist keys, male vocals","freestyle, pop"
End of the Road,Boyz II Men,1992,1,"emotional, soulful, dramatic","vocal harmonies, strings, piano","R&B, ballad"
Baby Got Back,Sir Mix-a-Lot,1992,2,"funny, brash, bold","bass-heavy beat, male vocals","hip hop, novelty"
Jump,Kris Kross,1992,3,"hyper, playful, energetic","hip hop beats, youthful vocals",hip hop
Save the Best for Last,Vanessa Williams,1992,4,"elegant, heartfelt, delicate","piano, soft strings, female vocals","adult contemporary, pop"
Baby-Baby-Baby,TLC,1992,5,"romantic, smooth, confident","new jack swing beats, female vocals","R&B, new jack swing"
I Will Always Love You,Whitney Houston,1993,1,"powerful, emotional, dramatic","vocal power, orchestral backing","pop ballad, soul"
Whoomp! (There It Is),Tag Team,1993,2,"fun, energetic, carefree","bass-heavy beat, chant vocals","hip hop, party anthem"
Can't Help Falling in Love,UB40,1993,3,"romantic, mellow, smooth","reggae beat, soft vocals",reggae-pop
That's the Way Love Goes,Janet Jackson,1993,4,"sensual, relaxed, smooth","synth groove, female vocals",R&B
Freak Me,Silk,1993,5,"intimate, sultry, soft","slow jam beat, male vocals","R&B, slow jam"
The Sign,Ace of Base,1994,1,"bright, catchy, tropical","reggae-influenced synths, vocals","pop, reggae-pop"
I Swear,All-4-One,1994,2,"romantic, sincere, gentle","piano, harmonized male vocals","R&B, pop ballad"
I'll Make Love to You,Boyz II Men,1994,3,"tender, passionate, slow","orchestral backing, male vocals","R&B, soul"
The Power of Love,Celine Dion,1994,4,"uplifting, powerful, heartfelt","strong vocals, orchestral arrangement","adult contemporary, pop"
Hero,Mariah Carey,1994,5,"inspirational, soaring, emotional","piano, vocal-driven","pop, ballad"
Gangsta's Paradise,Coolio feat. L.V.,1995,1,"dark, reflective, gritty","orchestral samples, rap vocals","hip hop, soul"
Waterfalls,TLC,1995,2,"cautionary, soulful, thoughtful","R&B groove, layered vocals","R&B, pop"
Creep,TLC,1995,3,"confessional, smooth, moody","R&B instrumentation, female vocals",R&B
Kiss from a Rose,Seal,1995,4,"romantic, dramatic, mysterious","orchestral backing, male vocals","pop, ballad"
On Bended Knee,Boyz II Men,1995,5,"heartfelt, emotional, tender","soft piano, vocal harmony","R&B, ballad"
Macarena (Bayside Boys Remix),Los del Rio,1996,1,"fun, festive, danceable","Latin beat, simple vocals","dance-pop, novelty"
One Sweet Day,Mariah Carey and Boyz II Men,1996,2,"emotional, touching, sorrowful","piano, vocal harmonies","R&B, ballad"
Because You Loved Me,Celine Dion,1996,3,"inspirational, powerful, heartfelt","orchestral strings, strong female vocals","adult contemporary, pop"
Nobody Knows,The Tony Rich Project,1996,4,"melancholic, smooth, quiet","acoustic guitar, soft vocals","R&B, soul"
Always Be My Baby,Mariah Carey,1996,5,"playful, romantic, memorable","R&B beat, catchy melody","R&B, pop"
Something About The Way You Look Tonight,Elton John,1997,1a,"sentimental, rich, romantic","piano, strings, male vocals","pop rock, ballad"
Candle in the Wind,Elton John,1997,1b,"honoring, emotional, sorrowful","piano, orchestral arrangement",pop ballad
Foolish Games,Jewel,1997,2a,"vulnerable, intense, pained","piano, sparse backing, female vocals",folk-pop
You Were Meant for Me,Jewel,1997,2b,"introspective, tender, acoustic","acoustic guitar, soft vocals",folk-pop
I'll Be Missing You,Diddy feat. Faith Evans and 112,1997,3,"grieving, nostalgic, passionate","sampled beat, rap and chorus","hip hop, tribute ballad"
Un-Break My Heart,Toni Braxton,1997,4,"heartbroken, powerful, emotional","orchestral strings, piano, strong female vocals","R&B, pop ballad"
Can't Nobody Hold Me Down,Diddy feat. Mase,1997,5,"confident, slick, braggadocious","sampled beat, rap verses, steady rhythm","hip hop, rap"
Too Close,Next,1998,1,"intimate, flirty, suggestive","slow jam beat, male vocals","R&B, slow jam"
The Boy Is Mine,Brandy and Monica,1998,2,"competitive, emotional, polished","duet vocals, R&B instrumentation","R&B, duet"
You're Still the One,Shania Twain,1998,3,"romantic, reassuring, devoted","country instrumentation, female vocals",country pop
Truly Madly Deeply,Savage Garden,1998,4,"devoted, dreamy, passionate","piano, synths, vocal harmonies","pop, soft rock"
How Do I Live,LeAnn Rimes,1998,5,"yearning, heartfelt, dramatic","strings, soft rock elements","country pop, ballad"
Believe,Cher,1999,1,"empowering, electronic, anthemic","auto-tuned vocals, dance beat",dance-pop
No Scrubs,TLC,1999,2,"bold, assertive, catchy","R&B beats, vocal harmonies",R&B
Angel of Mine,Monica,1999,3,"tender, soulful, sincere","R&B instrumentation, smooth vocals","R&B, ballad"
Heartbreak Hotel,Whitney Houston feat. Faith Evans and Kelly Price,1999,4,"emotional, dramatic, strong","duet vocals, dramatic build","R&B, soul"
...Baby One More Time,Britney Spears,1999,5,"intense, teenage, vulnerable","pop beat, punchy vocals",teen pop
Breathe,Faith Hill,2000,1,"romantic, soaring, heartfelt","country-pop backing, female vocals",country pop
Smooth,Santana feat. Rob Thomas,2000,2,"sensual, Latin-infused, passionate","Latin guitar, rock vocals","Latin rock, pop"
Maria Maria,Santana feat. The Product G&B,2000,3,"groovy, relaxed, smooth","Latin beats, R&B vocals",Latin R&B
I Wanna Know,Joe,2000,4,"yearning, romantic, emotional","R&B slow jam style, male vocals",R&B
Everything You Want,Vertical Horizon,2000,5,"reflective, melodic, driven","rock band instrumentation, male vocals","alt-rock, pop rock"
Hanging By A Moment,Lifehouse,2001,1,"yearning, heartfelt, alternative","electric guitar, melodic vocals, rock drums","alternative rock, pop rock"
Fallin',Alicia Keys,2001,2,"soulful, vulnerable, romantic","piano, soulful female vocals","R&B, soul"
All For You,Janet Jackson,2001,3,"fun, upbeat, summery","dance-pop beat, synths, female vocals","dance-pop, R&B"
Drops of Jupiter (Tell Me),Train,2001,4,"emotional, epic, introspective","piano, strings, rock arrangement","rock, adult contemporary"
I'm Real (Murder Remix),Jennifer Lopez feat. Ja Rule,2001,5,"gritty, urban, catchy","hip hop beat, duet vocals","hip hop, R&B"
How You Remind Me,Nickelback,2002,1,"angsty, emotional, raw","distorted guitar, gravelly vocals","post-grunge, rock"
Foolish,Ashanti,2002,2,"heartbroken, smooth, longing","R&B beat, soft female vocals",R&B
Hot in Herre,Nelly,2002,3,"confident, clubby, energetic","funky beats, rhythmic male vocals",hip hop
Dilemma,Nelly feat. Kelly Rowland,2002,4,"romantic, mellow, sentimental","R&B harmonies, slow tempo","hip hop, R&B"
Wherever You Will Go,The Calling,2002,5,"uplifting, melodic, longing",guitar-driven rock band arrangement,"pop rock, alternative"
In da Club,50 Cent,2003,1,"confident, hard-hitting, club","hip hop beats, male vocals",hip hop
Ignition,R. Kelly,2003,2,"smooth, flirtatious, cool",smooth R&B groove,R&B
Get Busy,Sean Paul,2003,3,"danceable, Caribbean, rhythmic","reggae beats, patois vocals",dancehall
Crazy in Love,Beyonce featuring Jay-Z,2003,4,"fierce, sexy, energetic","horns, strong beat, female vocals","R&B, pop"
When I'm Gone,3 Doors Down,2003,5,"melancholic, intense, emotional","rock guitars, emotional vocals","post-grunge, rock"
Yeah!,Usher feat. Lil John & Ludacris,2004,1,"party-ready, infectious, fun","crunk beat, rap vocals, synths","R&B, hip hop"
Burn,Usher,2004,2,"emotional, slow-burning, romantic","R&B groove, soft piano, male vocals","R&B, ballad"
If I Ain't Got You,Alicia Keys,2004,3,"soulful, heartfelt, yearning","piano, vocal-driven, soft strings","soul, R&B"
This Love,Maroon 5,2004,4,"funky, upbeat, bittersweet","funk guitar, rhythmic drums, male vocals","pop rock, funk"
The Way You Move,OutKast feat. Sleepy Brown,2004,5,"cool, smooth, laid-back","brass, mellow beat, vocals","hip hop, funk"
We Belong Together,Mariah Carey,2005,1,"emotional, longing, romantic","slow jam backing, layered vocals","R&B, pop"
Hollaback Girl,Gwen Stefani,2005,2,"sassy, assertive, fierce","marching band beat, female vocals","hip hop, pop"
Let Me Love You,Mario,2005,3,"romantic, heartfelt, smooth","R&B groove, soft vocals",R&B
Since U Been Gone,Kelly Clarkson,2005,4,"empowering, bold, anthemic","rock guitars, powerful vocals",pop rock
"1, 2 Step",Ciara feat. Missy Elliot,2005,5,"danceable, confident, playful","electronic beats, synths, vocals","crunk&B, hip hop"
Bad Day,Daniel Powter,2006,1,"melancholic, hopeful, introspective","piano, soft beat, male vocals",pop rock
Temperature,Sean Paul,2006,2,"energetic, tropical, rhythmic","dancehall beat, patois vocals",dancehall
Promiscuous,Nelly Furtado feat. Timbaland,2006,3,"flirty, playful, confident","synth-heavy beat, duet vocals","pop, R&B"
You're Beautiful,James Blunt,2006,4,"romantic, soft, longing","piano, acoustic guitar, male vocals",soft rock
Hips Don't Lie,Shakira feat. Wyclef Jean,2006,5,"festive, vibrant, sensual","Latin beat, horn section, duet vocals","reggaeton, Latin pop"
Irreplaceable,Beyonce,2007,1,"confident, empowering, smooth","guitar, steady beat, female vocals","R&B, pop"
Umbrella,Rihanna feat. Jay-Z,2007,2,"protective, catchy, resilient","synths, R&B rhythm, rap verse","R&B, pop"
The Sweet Escape,Gwen Stefani feat. Akon,2007,3,"light, escapist, poppy","synth pop beat, male-female vocals","pop, hip hop"
Big Girls Don't Cry (Personal),Fergie,2007,4,"emotional, independent, strong","acoustic guitar, soft pop backing",pop ballad
Buy U a Drank (Shawty Snappin'),T-Pain feat. Yung Joc,2007,5,"flirty, slick, humorous","auto-tune vocals, snap beat","hip hop, snap"
Low,Flo Rida feat. T-Pain,2008,1,"energetic, party-ready, braggadocious","808 beat, synths, rap vocals","hip hop, club"
Bleeding Love,Leona Lewis,2008,2,"emotional, aching, passionate","piano, strings, female vocals","pop, soul"
No One,Alicia Keys,2008,3,"uplifting, strong, romantic","piano, light beat, soulful vocals","soul, R&B"
Lollipop,Lil Wayne feat. Static Major,2008,4,"provocative, catchy, hypnotic","synth bass, auto-tuned vocals",hip hop
Apologize,Timbaland feat. OneRepublic,2008,5,"regretful, dramatic, soft","piano, minimal backing, male vocals","pop, ballad"
Boom Boom Pow,The Black Eyed Peas,2009,1,"futuristic, intense, bold","electronic synths, heavy bass","electropop, hip hop"
Poker Face,Lady Gaga,2009,2,"enigmatic, stylish, rhythmic","electropop beat, female vocals",electropop
Just Dance,Lady Gaga feat. Colby O'Donis,2009,3,"upbeat, carefree, danceable","club beat, synths, pop vocals",dance-pop
I Gotta Feeling,The Black Eyed Peas,2009,4,"celebratory, uplifting, party","club beats, pop vocals",dance-pop
Love Story,Taylor Swift,2009,5,"romantic, fairy-tale, emotional","acoustic guitar, strings, female vocals",country-pop
Tik Tok,Kesha,2010,1,"wild, carefree, energetic","synths, autotuned vocals, club beat","electropop, dance-pop"
Need You Now,Lady Antebellum,2010,2,"longing, nostalgic, emotional","piano, country instrumentation, vocal harmony",country-pop
"Hey, Soul Sister",Train,2010,3,"cheerful, quirky, romantic","ukulele, pop beat, male vocals",pop rock
California Gurls,Katy Perry feat. Snoop Dogg,2010,4,"fun, summery, colorful","synths, female vocals, rap verse","pop, electropop"
OMG,Usher feat. will.i.am,2010,5,"flirty, danceable, upbeat","electronic beats, auto-tune vocals","R&B, dance-pop"
Rolling in the Deep,Adele,2011,1,"intense, emotional, empowering, vengeful","acoustic guitar, kick drum, snare, handclaps, backing vocals","soul, blues, gospel, pop"
Party Rock Anthem,LMFAO feat. Lauren Bennett and GoonRock,2011,2,"energetic, fun, party, carefree","electronic synths, drum machine, autotuned vocals, synth bass","electro house, dance-pop"
Firework,Katy Perry,2011,3,"uplifting, inspirational, empowering","synth strings, piano, electronic drums, layered vocals","dance-pop, pop"
E.T.,Katy Perry feat. Kanye West,2011,4,"mysterious, sensual, futuristic","electronic beats, dubstep elements, autotuned vocals","electronic, pop, hip hop"
Give Me Everything,"Pitbull feat. Ne-Yo, Afrojack and Nayer",2011,5,"upbeat, romantic, celebratory","synths, electronic beats, male vocals, rap verses","dance-pop, pop-rap, EDM"
Somebody That I Used to Know,Gotye feat. Kimbra,2012,1,"haunting, regretful, introspective","xylophone, sparse beat, male/female vocals","indie pop, art pop"
Call Me Maybe,Carly Rae Jepsen,2012,2,"fun, flirty, catchy","pop beat, synths, female vocals",bubblegum pop
We Are Young,Fun feat. Janelle Monae,2012,3,"youthful, dramatic, empowering","anthemic instrumentation, strong vocals",pop rock
Payphone,Maroon 5 feat. Wiz Khalifa,2012,4,"heartfelt, poppy, nostalgic","piano, pop rock arrangement","pop rock, hip hop"
Lights,Ellie Goulding,2012,5,"dreamy, mellow, hopeful","synths, airy vocals",electropop
Thrift Shop,Macklemore and Ryan Lewis feat. Wanz,2013,1,"fun, quirky, satirical","brass samples, rap vocals",hip hop
Blurred Lines,Robin Thicke feat. TI and Pharrell Williams,2013,2,"catchy, controversial, upbeat","funky rhythm, falsetto vocals","R&B, pop"
Radioactive,Imagine Dragons,2013,3,"tense, cinematic, powerful","heavy drums, gritty guitar",alternative rock
Harlem Shake,Baauer,2013,4,"chaotic, humorous, viral","trap beats, minimal vocals","trap, EDM"
Can't Hold Us,Macklemore and Ryan Lewis feat. Ray Dalton,2013,5,"energetic, anthemic, motivational",orchestral hip hop fusion,"hip hop, alternative"
Happy,Pharrell Williams,2014,1,"joyful, carefree, infectious","claps, upbeat rhythm, solo vocals","soul, pop"
Dark Horse,Katy Perry and Juicy J,2014,2,"dark, seductive, mystical","trap beat, mystical synths",trap-pop
All of Me,John Legend,2014,3,"romantic, heartfelt, sincere",piano ballad,"R&B, soul"
Fancy,Iggy Azalea feat. Charli XCX,2014,4,"sassy, playful, bold","synths, trap beat, female vocals",pop rap
Counting Stars,OneRepublic,2014,5,"inspirational, dramatic, poppy","guitar, piano, pop rock beat",pop rock
Uptown Funk,Mark Ronson feat. Bruno Mars,2015,1,"funky, energetic, nostalgic","funk brass, groove rhythm, male vocals","funk, pop"
Thinking Out Loud,Ed Sheeran,2015,2,"romantic, classic, elegant","guitar, soft ballad instrumentation",ballad
See You Again,Wiz Khalifa feat. Charlie Puth,2015,3,"tribute, sad, soulful","piano, rap, emotional vocals",rap ballad
Trap Queen,Fetty Wap,2015,4,"braggadocious, catchy, bold","trap beats, melodic rap",trap
Sugar,Maroon 5,2015,5,"sweet, lighthearted, upbeat","pop guitars, falsetto vocals",pop rock
Love Yourself,Justin Bieber,2016,1,"biting, mellow, confessional","acoustic guitar, minimal beat","pop, acoustic"
Sorry,Justin Bieber,2016,2,"regretful, tropical, catchy","dancehall rhythm, synths",dancehall-pop
One Dance,Drake feat. Wizkid and Kyla,2016,3,"sensual, rhythmic, low-key","Afrobeats influence, sparse vocals","Afrobeats, pop"
Work,Rihanna feat. Drake,2016,4,"seductive, danceable, hypnotic","Caribbean beat, duet vocals",dancehall-pop
Stressed Out,Twenty One Pilots,2016,5,"anxious, nostalgic, existential","alt-pop instrumentation, male vocals",alternative pop
Shape of You,Ed Sheeran,2017,1,"catchy, flirtatious, rhythmic","looped marimba, pop beat","pop, tropical house"
Despacito (Remix),Luis Fonsi and Daddy Yankee feat. Justin Bieber,2017,2,"sensual, summery, global","reggaeton beat, smooth vocals",reggaeton-pop
That's What I Like,Bruno Mars,2017,3,"luxurious, rhythmic, romantic","R&B rhythm, synths","R&B, pop"
Humble,Kendrick Lamar,2017,4,"raw, dominant, intense","trap beat, sharp delivery",hip hop
Something Just Like This,The Chainsmokers and Coldplay,2017,5,"hopeful, grand, electronic","EDM drops, male vocals","EDM, pop"
God's Plan,Drake,2018,1,"grateful, protective, smooth","minimal beats, melodic rap","hip hop, pop"
Perfect,Ed Sheeran,2018,2,"romantic, classic, touching","acoustic guitar, romantic vocals",ballad
Meant to Be,Bebe Rexha feat. Florida Georgia Line,2018,3,"breezy, optimistic, country-tinged","country-pop fusion, duet vocals",country pop
Havana,Camila Cabello feat. Young Thug,2018,4,"seductive, exotic, smooth","Latin rhythms, sultry vocals",Latin pop
rockstar,Post Malone feat. 21 Savage,2018,5,"dark, boastful, trap-infused","trap drums, moody tones","trap, hip hop"
Old Town Road - Remix,Lil Nas X feat. Billy Ray Cyrus,2019,1,"quirky, genre-blending, bold",trap beat with banjo sample,country trap
Sunflower,Post Malone and Swae Lee,2019,2,"mellow, vibey, sweet","lo-fi beat, light vocals","hip hop, pop"
Without Me,Halsey,2019,3,"raw, emotional, dark","moody synths, solo vocals",electropop
Bad Guy,Billie Eilish,2019,4,"sarcastic, moody, playful","bass-heavy, whispered vocals","electropop, alt-pop"
Wow,Post Malone,2019,5,"braggadocious, chill, sleek",minimalist trap beat,"hip hop, pop"
Blinding Lights,The Weeknd,2020,1,"retro, energetic, euphoric","synthwave beat, male vocals",synth-pop
Circles,Post Malone,2020,2,"laid-back, introspective, melodic","guitar loop, relaxed beat",pop rap
The Box,Roddy Ricch,2020,3,"hard-hitting, streetwise, minimal","trap beat, aggressive flow",trap
Don't Start Now,Dua Lipa,2020,4,"confident, upbeat, stylish","funk-pop beat, female vocals",disco-pop
Rockstar,DaBaby feat. Roddy Ricch,2020,5,"boastful, trap-heavy, catchy","trap drums, dark melody",trap
Levitating,Dua Lipa,2021,1,"disco, joyful, groovy","retro synths, funk rhythm",disco-pop
Save Your Tears,The Weeknd and Ariana Grande,2021,2,"emotional, synthy, bittersweet",synth-pop duet,synth-pop
Blinding Lights,The Weeknd,2021,3,"euphoric, retro, driving",80s-style synths,synth-pop
Mood,24kGoldn feat. Iann Dior,2021,4,"chill, playful, genre-blending",trap-pop guitars,pop rap
Good 4 U,Olivia Rodrigo,2021,5,"angry, sarcastic, intense","rock guitars, pop-punk vocals",pop punk
Heat Waves,Glass Animals,2022,1,"nostalgic, mellow, electronic","synths, soft vocals, pop beat",indie pop
As It Was,Harry Styles,2022,2,"reflective, upbeat, wistful","drums, synth-pop instrumentation",synth-pop
Stay,Kid Laroi and Justin Bieber,2022,3,"urgent, emotional, modern","pop beats, duet vocals",pop rap
Easy On Me,Adele,2022,4,"vulnerable, heartfelt, slow","piano ballad, rich female vocals","ballad, pop"
Shivers,Ed Sheeran,2022,5,"romantic, peppy, lighthearted","guitar, pop production, male vocals",pop
Last Night,Morgan Wallen,2023,1,"wistful, romantic, country","country instrumentation, male vocals",country-pop
Flowers,Miley Cyrus,2023,2,"empowering, retrospective, catchy","pop beat, strong female vocals",pop
Kill Bill,SZA,2023,3,"dark, obsessive, intimate","R&B production, smooth vocals",R&B
Anti-Hero,Taylor Swift,2023,4,"self-deprecating, melodic, sharp","synth-pop, soft vocal delivery",synth-pop
Creepin',"Metro Boomin, The Weeknd and 21 Savage",2023,5,"moody, mysterious, haunting","trap beat, ambient textures","trap, R&B"
Lose Control,Teddy Swims,2024,1,"soulful, pleading, smooth","soul vocals, pop ballad arrangement",soul-pop
A Bar Song (Tipsy),Shaboozey,2024,2,"rowdy, fun, nostalgic","country trap beat, male vocals",country trap
Beautiful Things,Benson Boone,2024,3,"emotional, dramatic, romantic","piano-driven, soft pop instrumentation",pop ballad
I Had Some Help,Post Malone feat. Morgan Wallen,2024,4,"collaborative, catchy, confident","country-pop fusion, duet","country-pop, hip hop"
Lovin' On Me,Jack Harlow,2024,5,"cocky, sleek, minimalist","trap beat, male vocals",trap-pop
