filter,description,source,source_label,n,alpha_dfa_mean,alpha_dfa_std,alpha_dfa_median,alpha_dfa_p25,alpha_dfa_p75,alpha_width_mean,alpha_width_std,alpha_width_median,alpha_width_p25,alpha_width_p75,alpha_peak_mean,alpha_peak_std,alpha_peak_median,alpha_peak_p25,alpha_peak_p75,spectrum_skew_mean,spectrum_skew_std,spectrum_skew_median,spectrum_skew_p25,spectrum_skew_p75,delta_Hq_mean,delta_Hq_std,delta_Hq_median,delta_Hq_p25,delta_Hq_p75,contour_length_mean,contour_length_std,contour_length_median,contour_length_p25,contour_length_p75
all_accepted,All tracks that passed the server F0 quality gates.,billboard,Billboard,255,1.1024603554985468,0.17038443056461372,1.1272528690568733,1.0001452173200251,1.2262041240669,10.147617756911242,5.11404441280866,11.605552559528464,5.755728968805278,14.752745662808753,9.643441750972178,5.841253085129853,11.97452842351251,3.4178162896838105,14.91073264114074,-0.49510478899241434,0.6491059659294399,-0.8819569107895292,-0.9200195929556672,0.055238851658834756,9.534876270381881,5.227094070698382,11.073873822375006,5.465192968446834,14.05364780036468,2459.5803921568627,1152.4118735875957,2074.0,1697.0,2873.0
all_accepted,All tracks that passed the server F0 quality gates.,suno_v4_5,Suno v4.5,292,1.1616912193006923,0.1500258201077805,1.1635803599928258,1.07197584945413,1.2540693085504697,9.295823861462612,5.515742253106286,10.94417897163915,3.1942341062723782,14.505715685300025,8.974570425474345,6.001759220455514,11.364949526198728,1.9956834373174095,14.524619325806183,-0.43732879381449585,0.7008413263551476,-0.8586463326547977,-0.9048394846366805,0.06562064938973575,8.512640303377815,5.780545729219402,10.480112463493018,2.8202338202396415,13.6798609774948,2600.7123287671234,1359.7855195687746,2171.0,1698.25,2962.0
all_accepted,All tracks that passed the server F0 quality gates.,yue,YuE,153,1.1385393199059872,0.16772634695009137,1.1399185832067302,1.0299421082953413,1.248783343219363,8.285863485414527,5.754697108834716,9.38213798475493,1.8068772883122044,13.974806898710057,7.882199275277302,6.231224168025481,8.935006726690645,1.5652118217765485,14.096309655294334,-0.3280193162671568,0.7415081736029723,-0.827163324358457,-0.9059090517211746,0.24301693395997,7.462278022004721,6.050359000525235,8.828474410119686,1.4441574576108176,13.277282160860697,2081.02614379085,657.4410814877599,1918.0,1566.0,2384.0
coverage_ge_0.70,Accepted tracks with selected-region raw voiced coverage >= 0.70.,billboard,Billboard,252,1.1015285201163063,0.1695387901856798,1.127275778360257,0.9971341564440362,1.2259431681574293,10.253382992374277,5.050851081046146,11.646228649204282,6.028237235433809,14.769428588463143,9.753581070307083,5.786972663248256,11.982559461805714,3.5644856967220218,14.91836064708712,-0.5049671475915303,0.6383179030240166,-0.8828332995470747,-0.9199613124975105,0.04607514817494925,9.661521182542007,5.126412193994447,11.113724479662205,5.611906202626234,14.066333197556093,2462.7619047619046,1158.7258831011193,2069.5,1688.75,2877.25
coverage_ge_0.70,Accepted tracks with selected-region raw voiced coverage >= 0.70.,suno_v4_5,Suno v4.5,275,1.1597066340853863,0.14993526336599847,1.1624162819244563,1.0701126084888466,1.251723940974603,9.790261036174908,5.300434704668153,11.420439469428452,4.844427065545988,14.590435647483126,9.520137713861567,5.754804044815366,11.79347419435723,3.804694129566878,14.749126514679773,-0.5118357843777646,0.6398273016041968,-0.8693296118131714,-0.9098275540752121,-0.0095857117986482,9.103665287040053,5.428150408847477,10.98295953070411,4.349446748792962,14.01624308786145,2654.258181818182,1380.234945975348,2199.0,1761.0,3016.5
coverage_ge_0.70,Accepted tracks with selected-region raw voiced coverage >= 0.70.,yue,YuE,142,1.1360582958895764,0.16825115951747746,1.1388899277191735,1.031032382820824,1.2419378194672617,8.82693588021649,5.621054425582602,10.279379917062116,2.054421354496028,14.204127673921157,8.486048081369773,6.061638011992681,10.660814582695082,1.6885866752207956,14.251323958320178,-0.41680954499207734,0.6756527042233406,-0.8480112973858864,-0.9075203019742781,0.1289628026454771,8.118760284190035,5.781340437446638,9.755424175089896,1.7181257374287227,13.419164237812211,2100.6619718309857,660.6587609362023,1928.0,1579.25,2389.25
prob_ge_0.20,Accepted tracks with median pYIN voiced probability >= 0.20.,billboard,Billboard,133,1.1377534812788255,0.14015136762368507,1.1521323652763904,1.0627540528567996,1.2301031893281833,10.096991809819158,4.998338953021274,11.18602815576169,5.7557291994820545,14.441709665565591,9.745791557128507,5.630494624182746,11.410164111735613,4.053925002353041,14.772163646592588,-0.541346714189341,0.6044334542001404,-0.8850957031435409,-0.9149825649919217,-0.0018308616143878,9.485983827940029,5.081627779699354,10.69062386855453,5.4903207048023,13.930878360250254,2458.6015037593984,1075.7358294889161,2131.0,1766.0,2824.0
prob_ge_0.20,Accepted tracks with median pYIN voiced probability >= 0.20.,suno_v4_5,Suno v4.5,272,1.1641534759761125,0.15089860901217406,1.1635803599928258,1.0749913472864425,1.257221202666321,9.280223194518742,5.507724857584714,10.862964655331425,3.1942341062723782,14.49678701425848,8.96746471116775,5.983976608586389,11.240563611825742,2.009585451950872,14.524619325806183,-0.4430277705411613,0.6917601523837361,-0.857632244916615,-0.9087450234617213,0.04586152801855298,8.502501787549727,5.764078927634622,10.347403835282261,2.8202338202396415,13.643090346442884,2656.0992647058824,1389.9514185142284,2198.5,1732.5,3021.75
prob_ge_0.20,Accepted tracks with median pYIN voiced probability >= 0.20.,yue,YuE,135,1.1527487636569365,0.1469715414657997,1.1539616893656115,1.0411393994593292,1.2528342297498403,8.190812659061685,5.716662971000956,8.97526956925464,1.837575680393567,13.859054983608566,7.734676195572094,6.210366395859088,7.824730587594459,1.5644686956659402,13.908232763575882,-0.2964657873015688,0.74815401972312,-0.8233882948031069,-0.8991276565066442,0.28284249714065984,7.340193503217768,6.018972828098043,8.634295898262542,1.488375729815892,13.118233687942386,2100.0222222222224,675.9456225001494,1920.0,1563.0,2414.5
jump_clean,Accepted tracks with jump_rate <= 0.10 and octave_jump_rate <= 0.01.,billboard,Billboard,188,1.1118717151521824,0.16267587206906178,1.1461248031225915,1.0150310183970443,1.227147270248863,10.062143804333902,4.991784725682042,11.491252731040392,5.714717498153812,14.381762509204057,9.530460594496091,5.7531362893885065,11.623084921889301,3.4276031024288334,14.748599333378088,-0.4699896027604669,0.6610401197700545,-0.8731089530718059,-0.9155440065129237,0.08989183529662462,9.457443654509929,5.059065977104017,10.86311755245018,5.378200604998673,13.83073547576548,2493.2393617021276,1078.2669404215303,2132.0,1746.5,2978.25
jump_clean,Accepted tracks with jump_rate <= 0.10 and octave_jump_rate <= 0.01.,suno_v4_5,Suno v4.5,266,1.1579283049078177,0.147379381777149,1.1611691454443513,1.0691994926915873,1.2480067871527152,9.449791572417713,5.376774701025914,10.94417897163915,3.7690945082084,14.478632078010904,9.119223728968565,5.8687464934767,11.364949526198728,2.400577137959692,14.508282024771304,-0.4635603645089726,0.677208817923673,-0.8608304843344334,-0.9044145371524995,0.0291017963812788,8.702875058904015,5.596322255982764,10.480112463493018,3.42014142801366,13.66397508419698,2681.3872180451126,1390.6649300279319,2251.5,1767.5,3031.25
jump_clean,Accepted tracks with jump_rate <= 0.10 and octave_jump_rate <= 0.01.,yue,YuE,139,1.143650465419298,0.1492490089472387,1.1378612722316168,1.0343530734349673,1.245435554666999,8.400287929738834,5.747615978224616,9.784612763770363,1.8827452059323901,14.047608627387064,8.00454232584618,6.21312633615818,9.410176970408102,1.5683256627935078,14.049933459457137,-0.34217208926953246,0.7303110410185197,-0.8366849186337596,-0.9040173939519521,0.2179920614653505,7.594366500827656,6.00581398268355,9.144498137828668,1.5498513828677711,13.229242892896218,2077.1079136690646,662.0709241162222,1917.0,1563.0,2382.5
strict_combined,"Accepted tracks satisfying coverage, probability, and jump filters.",billboard,Billboard,114,1.1398952537994973,0.1416249206738315,1.1529157711666271,1.0650479994461588,1.2309890252361981,10.023401249187243,4.966000171556705,11.185384221957818,5.6326950182044335,14.304403564060708,9.666116338522784,5.59970279695229,11.396278037620732,3.7039024077003573,14.627544334714472,-0.5263009464763998,0.6150510617859474,-0.8774519182504463,-0.9130180213760032,0.00041876656577637496,9.425370038857181,5.006616589011369,10.66860030392963,5.2544713508132865,13.807865693459863,2465.315789473684,1077.6377337654856,2095.0,1766.0,2880.5
strict_combined,"Accepted tracks satisfying coverage, probability, and jump filters.",suno_v4_5,Suno v4.5,244,1.1537045851818175,0.1491726727755114,1.1578643864101363,1.0667451518901894,1.246245085338299,9.705200359249893,5.257055478836545,11.270370253767044,4.729098782219141,14.531989483971756,9.42535693110506,5.710537224601233,11.583083976156892,3.8449277805699715,14.668458007769393,-0.5108628584851526,0.6338498647413924,-0.8672687980346755,-0.9103145580556065,0.013646697945425201,9.029228659857056,5.374335678522001,10.6565991695958,4.115096385287717,13.917511991800522,2753.3975409836066,1425.2496459374956,2283.5,1783.0,3207.75
strict_combined,"Accepted tracks satisfying coverage, probability, and jump filters.",yue,YuE,118,1.152421045574376,0.14545186329789322,1.1527234840334302,1.0485947873780195,1.247109448943181,8.770257372661916,5.607828823935718,10.09234433109879,2.054421354496028,14.084009491725565,8.391822898746074,6.054274683732111,10.269102708046177,1.6418540610438535,14.073121557375735,-0.40512744298137005,0.6747858856875141,-0.8453989791290472,-0.9004984252409247,0.1351851323171913,8.034969986096824,5.76184930118436,9.464732169276871,1.7181257374287227,13.253262526878459,2129.6271186440677,675.5423752783796,1966.5,1574.5,2426.25
